200.00000,-0.00001,0.01036,1.57120,0.48964
225.00000,0.00003,0.01048,1.57013,0.48952
250.00000,0.00002,0.01124,1.56897,0.48876
275.00000,0.00002,0.01206,1.56979,0.48794
300.00000,0.00002,0.01287,1.57050,0.48713
325.00000,0.00002,0.01368,1.57103,0.48632
350.00000,0.00001,0.01448,1.57174,0.48552
375.00000,0.00001,0.01528,1.57220,0.48472
400.00000,0.00002,0.01608,1.57278,0.48392
425.00000,0.00003,0.01688,1.57333,0.48312
450.00000,0.00004,0.01767,1.57409,0.48233
475.00000,0.00004,0.01845,1.57485,0.48155
500.00000,0.00003,0.01922,1.57550,0.48078
525.00000,0.00003,0.02000,1.57605,0.48000
550.00000,0.00002,0.02077,1.57694,0.47923
575.00000,0.00003,0.02154,1.57752,0.47846
600.00000,0.00001,0.02230,1.57804,0.47770
625.00000,0.00000,0.02306,1.57844,0.47694
650.00000,0.00000,0.02382,1.57906,0.47618
675.00000,-0.00001,0.02458,1.57984,0.47542
700.00000,-0.00001,0.02532,1.58026,0.47468
725.00000,-0.00002,0.02607,1.58097,0.47393
750.00000,-0.00003,0.02680,1.58160,0.47320
775.00000,-0.00003,0.02754,1.58197,0.47246
800.00000,-0.00004,0.02827,1.58257,0.47173
825.00000,-0.00006,0.02900,1.58310,0.47100
850.00000,-0.00008,0.02973,1.58352,0.47027
875.00000,-0.00008,0.03046,1.58374,0.46954
900.00000,-0.00009,0.03118,1.58391,0.46882
925.00000,-0.00010,0.03189,1.58465,0.46811
950.00000,-0.00011,0.03260,1.58559,0.46740
975.00000,-0.00013,0.03330,1.58652,0.46670
1000.00000,-0.00014,0.03400,1.58679,0.46600
1025.00000,-0.00015,0.03471,1.58723,0.46529
1050.00000,-0.00017,0.03540,1.58777,0.46460
1075.00000,-0.00019,0.03609,1.58821,0.46391
1100.00000,-0.00020,0.03678,1.58886,0.46322
1125.00000,-0.00021,0.03747,1.58956,0.46253
1150.00000,-0.00022,0.03814,1.59028,0.46186
1175.00000,-0.00023,0.03882,1.59099,0.46118
1200.00000,-0.00024,0.03950,1.59155,0.46050
1225.00000,-0.00026,0.04016,1.59211,0.45984
1250.00000,-0.00027,0.04084,1.59263,0.45916
1275.00000,-0.00029,0.04150,1.59314,0.45850
1300.00000,-0.00031,0.04215,1.59382,0.45785
1325.00000,-0.00032,0.04281,1.59437,0.45719
1350.00000,-0.00034,0.04346,1.59518,0.45654
1375.00000,-0.00036,0.04410,1.59581,0.45590
1400.00000,-0.00037,0.04475,1.59646,0.45525
1425.00000,-0.00039,0.04539,1.59713,0.45461
1450.00000,-0.00041,0.04602,1.59784,0.45398
1475.00000,-0.00043,0.04666,1.59848,0.45334
1500.00000,-0.00045,0.04729,1.59916,0.45271
1525.00000,-0.00046,0.04791,1.59979,0.45209
1550.00000,-0.00048,0.04854,1.60054,0.45146
1575.00000,-0.00050,0.04916,1.60121,0.45084
1600.00000,-0.00052,0.04977,1.60190,0.45023
1625.00000,-0.00054,0.05039,1.60262,0.44961
1650.00000,-0.00057,0.05100,1.60328,0.44900
1675.00000,-0.00059,0.05160,1.60395,0.44840
1700.00000,-0.00061,0.05221,1.60468,0.44779
1725.00000,-0.00063,0.05281,1.60542,0.44719
1750.00000,-0.00065,0.05341,1.60615,0.44659
1775.00000,-0.00067,0.05400,1.60685,0.44600
1800.00000,-0.00069,0.05459,1.60763,0.44541
1825.00000,-0.00071,0.05518,1.60843,0.44483
1850.00000,-0.00074,0.05576,1.60910,0.44424
1875.00000,-0.00076,0.05634,1.60988,0.44366
1900.00000,-0.00078,0.05693,1.61060,0.44307
1925.00000,-0.00080,0.05750,1.61129,0.44250
1950.00000,-0.00083,0.05807,1.61204,0.44193
1975.00000,-0.00085,0.05864,1.61282,0.44136
2000.00000,-0.00088,0.05921,1.61357,0.44079
2025.00000,-0.00090,0.05977,1.61432,0.44023
2050.00000,-0.00093,0.06033,1.61508,0.43967
2075.00000,-0.00095,0.06089,1.61582,0.43911
2100.00000,-0.00098,0.06145,1.61661,0.43855
2125.00000,-0.00101,0.06200,1.61723,0.43800
2150.00000,-0.00103,0.06254,1.61775,0.43746
2175.00000,-0.00105,0.06309,1.61830,0.43691
2200.00000,-0.00108,0.06363,1.61892,0.43637
2225.00000,-0.00111,0.06417,1.61957,0.43583
2250.00000,-0.00113,0.06470,1.62015,0.43530
2275.00000,-0.00116,0.06524,1.62075,0.43477
2300.00000,-0.00119,0.06576,1.62141,0.43424
2325.00000,-0.00121,0.06629,1.62195,0.43371
2350.00000,-0.00124,0.06682,1.62245,0.43319
2375.00000,-0.00127,0.06734,1.62306,0.43266
2400.00000,-0.00130,0.06786,1.62370,0.43214
2425.00000,-0.00132,0.06837,1.62430,0.43163
2450.00000,-0.00135,0.06889,1.62492,0.43112
2475.00000,-0.00138,0.06940,1.62552,0.43061
2500.00000,-0.00141,0.06990,1.62626,0.43010
2525.00000,-0.00143,0.07041,1.62689,0.42959
2550.00000,-0.00146,0.07091,1.62750,0.42909
2575.00000,-0.00149,0.07141,1.62835,0.42859
2600.00000,-0.00152,0.07191,1.62893,0.42810
2625.00000,-0.00155,0.07240,1.62953,0.42760
2650.00000,-0.00158,0.07289,1.63026,0.42711
2675.00000,-0.00161,0.07339,1.63105,0.42662
2700.00000,-0.00163,0.07388,1.63186,0.42613
2725.00000,-0.00166,0.07437,1.63280,0.42563
2750.00000,-0.00169,0.07485,1.63369,0.42515
2775.00000,-0.00172,0.07534,1.63468,0.42467
2800.00000,-0.00175,0.07581,1.63564,0.42419
2825.00000,-0.00178,0.07629,1.63677,0.42372
2850.00000,-0.00181,0.07676,1.63776,0.42324
2875.00000,-0.00184,0.07723,1.63870,0.42277
2900.00000,-0.00187,0.07770,1.63948,0.42231
2925.00000,-0.00190,0.07816,1.64039,0.42185
2950.00000,-0.00193,0.07862,1.64125,0.42138
2975.00000,-0.00196,0.07908,1.64215,0.42092
3000.00000,-0.00199,0.07954,1.64301,0.42047
3025.00000,-0.00202,0.07999,1.64389,0.42002
3050.00000,-0.00205,0.08044,1.64469,0.41956
3075.00000,-0.00208,0.08090,1.64560,0.41911
3100.00000,-0.00212,0.08135,1.64648,0.41866
3125.00000,-0.00215,0.08179,1.64743,0.41821
3150.00000,-0.00218,0.08224,1.64834,0.41777
3175.00000,-0.00221,0.08268,1.64940,0.41733
3200.00000,-0.00224,0.08311,1.64983,0.41690
3225.00000,-0.00228,0.08354,1.65038,0.41646
3250.00000,-0.00232,0.08397,1.65095,0.41604
3275.00000,-0.00235,0.08440,1.65148,0.41561
3300.00000,-0.00239,0.08482,1.65202,0.41519
3325.00000,-0.00242,0.08524,1.65260,0.41477
3350.00000,-0.00246,0.08566,1.65318,0.41435
3375.00000,-0.00249,0.08608,1.65375,0.41393
3400.00000,-0.00253,0.08649,1.65430,0.41352
3425.00000,-0.00256,0.08690,1.65487,0.41310
3450.00000,-0.00260,0.08732,1.65540,0.41269
3475.00000,-0.00263,0.08772,1.65595,0.41228
3500.00000,-0.00267,0.08813,1.65652,0.41188
3525.00000,-0.00271,0.08853,1.65714,0.41147
3550.00000,-0.00274,0.08894,1.65769,0.41107
3575.00000,-0.00278,0.08934,1.65831,0.41067
3600.00000,-0.00281,0.08973,1.65888,0.41028
3625.00000,-0.00285,0.09013,1.65962,0.40988
3650.00000,-0.00288,0.09053,1.66038,0.40948
3675.00000,-0.00292,0.09093,1.66127,0.40908
3700.00000,-0.00295,0.09132,1.66202,0.40869
3725.00000,-0.00299,0.09171,1.66291,0.40830
3750.00000,-0.00302,0.09210,1.66374,0.40791
3775.00000,-0.00306,0.09249,1.66468,0.40752
3800.00000,-0.00309,0.09287,1.66534,0.40714
3825.00000,-0.00313,0.09325,1.66613,0.40676
3850.00000,-0.00316,0.09363,1.66678,0.40639
3875.00000,-0.00320,0.09400,1.66756,0.40601
3900.00000,-0.00323,0.09437,1.66826,0.40564
3925.00000,-0.00327,0.09475,1.66908,0.40527
3950.00000,-0.00330,0.09512,1.66976,0.40490
3975.00000,-0.00334,0.09548,1.67051,0.40453
4000.00000,-0.00337,0.09585,1.67125,0.40416
4025.00000,-0.00341,0.09622,1.67202,0.40380
4050.00000,-0.00344,0.09658,1.67273,0.40343
4075.00000,-0.00348,0.09695,1.67357,0.40307
4100.00000,-0.00351,0.09731,1.67427,0.40271
4125.00000,-0.00355,0.09767,1.67511,0.40235
4150.00000,-0.00358,0.09802,1.67591,0.40199
4175.00000,-0.00362,0.09838,1.67673,0.40164
4200.00000,-0.00366,0.09873,1.67729,0.40129
4225.00000,-0.00369,0.09908,1.67794,0.40094
4250.00000,-0.00373,0.09943,1.67853,0.40059
4275.00000,-0.00376,0.09977,1.67923,0.40024
4300.00000,-0.00380,0.10012,1.67988,0.39990
4325.00000,-0.00383,0.10046,1.68060,0.39956
4350.00000,-0.00387,0.10080,1.68122,0.39922
4375.00000,-0.00390,0.10113,1.68200,0.39889
4400.00000,-0.00394,0.10147,1.68271,0.39855
4425.00000,-0.00397,0.10180,1.68354,0.39822
4450.00000,-0.00401,0.10213,1.68431,0.39789
4475.00000,-0.00404,0.10246,1.68520,0.39756
4500.00000,-0.00408,0.10279,1.68598,0.39723
4525.00000,-0.00411,0.10312,1.68691,0.39690
4550.00000,-0.00415,0.10344,1.68780,0.39658
4575.00000,-0.00418,0.10376,1.68862,0.39626
4600.00000,-0.00422,0.10408,1.68935,0.39595
4625.00000,-0.00426,0.10439,1.69019,0.39563
4650.00000,-0.00429,0.10471,1.69096,0.39532
4675.00000,-0.00433,0.10502,1.69179,0.39501
4700.00000,-0.00436,0.10533,1.69259,0.39470
4725.00000,-0.00440,0.10564,1.69350,0.39439
4750.00000,-0.00444,0.10594,1.69434,0.39408
4775.00000,-0.00447,0.10625,1.69529,0.39378
4800.00000,-0.00451,0.10655,1.69619,0.39348
4825.00000,-0.00454,0.10685,1.69719,0.39317
4850.00000,-0.00458,0.10715,1.69815,0.39287
4875.00000,-0.00462,0.10745,1.69899,0.39258
4900.00000,-0.00465,0.10774,1.69976,0.39228
4925.00000,-0.00469,0.10804,1.70062,0.39199
4950.00000,-0.00472,0.10833,1.70136,0.39170
4975.00000,-0.00476,0.10862,1.70227,0.39141
5000.00000,-0.00480,0.10890,1.70312,0.39113
5025.00000,-0.00483,0.10919,1.70408,0.39084
5050.00000,-0.00487,0.10948,1.70499,0.39055
5075.00000,-0.00491,0.10976,1.70601,0.39027
5100.00000,-0.00494,0.11004,1.70695,0.38999
5125.00000,-0.00494,0.11004,1.70779,0.38999
5150.00000,-0.00502,0.11059,1.70857,0.38944
5175.00000,-0.00505,0.11087,1.70944,0.38916
5200.00000,-0.00509,0.11114,1.71025,0.38889
5225.00000,-0.00513,0.11141,1.71115,0.38862
5250.00000,-0.00516,0.11168,1.71197,0.38835
5275.00000,-0.00520,0.11195,1.71287,0.38808
5300.00000,-0.00524,0.11222,1.71375,0.38781
5325.00000,-0.00527,0.11249,1.71459,0.38755
5350.00000,-0.00531,0.11275,1.71539,0.38729
5375.00000,-0.00535,0.11301,1.71631,0.38702
5400.00000,-0.00538,0.11327,1.71723,0.38676
5425.00000,-0.00542,0.11353,1.71788,0.38651
5450.00000,-0.00546,0.11379,1.71842,0.38625
5475.00000,-0.00550,0.11404,1.71899,0.38600
5500.00000,-0.00554,0.11429,1.71958,0.38575
5525.00000,-0.00558,0.11454,1.72018,0.38550
5550.00000,-0.00561,0.11479,1.72080,0.38525
5575.00000,-0.00565,0.11504,1.72140,0.38500
5600.00000,-0.00569,0.11529,1.72199,0.38476
5625.00000,-0.00573,0.11553,1.72262,0.38451
5650.00000,-0.00577,0.11578,1.72327,0.38427
5675.00000,-0.00581,0.11602,1.72393,0.38402
5700.00000,-0.00585,0.11627,1.72463,0.38378
5725.00000,-0.00588,0.11651,1.72533,0.38354
5750.00000,-0.00592,0.11675,1.72605,0.38330
5775.00000,-0.00596,0.11698,1.72673,0.38306
5800.00000,-0.00600,0.11722,1.72754,0.38283
5825.00000,-0.00603,0.11745,1.72822,0.38259
5850.00000,-0.00607,0.11769,1.72899,0.38236
5875.00000,-0.00611,0.11792,1.72965,0.38213
5900.00000,-0.00614,0.11815,1.73038,0.38190
5925.00000,-0.00618,0.11838,1.73103,0.38167
5950.00000,-0.00622,0.11860,1.73162,0.38145
5975.00000,-0.00626,0.11883,1.73215,0.38122
6000.00000,-0.00629,0.11906,1.73271,0.38099
6025.00000,-0.00633,0.11928,1.73328,0.38077
6050.00000,-0.00637,0.11951,1.73390,0.38054
6075.00000,-0.00640,0.11973,1.73449,0.38032
6100.00000,-0.00644,0.11995,1.73509,0.38010
6125.00000,-0.00648,0.12017,1.73553,0.37988
6150.00000,-0.00652,0.12039,1.73597,0.37967
6175.00000,-0.00655,0.12061,1.73642,0.37945
6200.00000,-0.00659,0.12082,1.73687,0.37924
6225.00000,-0.00663,0.12104,1.73735,0.37902
6250.00000,-0.00666,0.12125,1.73782,0.37881
6275.00000,-0.00670,0.12146,1.73828,0.37860
6300.00000,-0.00674,0.12167,1.73876,0.37839
6325.00000,-0.00677,0.12188,1.73925,0.37818
6350.00000,-0.00681,0.12209,1.73996,0.37797
6375.00000,-0.00684,0.12230,1.74067,0.37776
6400.00000,-0.00688,0.12251,1.74151,0.37756
6425.00000,-0.00691,0.12271,1.74225,0.37735
6450.00000,-0.00695,0.12292,1.74314,0.37714
6475.00000,-0.00699,0.12313,1.74396,0.37694
6500.00000,-0.00702,0.12333,1.74469,0.37674
6525.00000,-0.00706,0.12353,1.74531,0.37654
6550.00000,-0.00709,0.12373,1.74604,0.37634
6575.00000,-0.00713,0.12393,1.74666,0.37614
6600.00000,-0.00716,0.12412,1.74726,0.37594
6625.00000,-0.00720,0.12432,1.74765,0.37575
6650.00000,-0.00723,0.12452,1.74805,0.37555
6675.00000,-0.00727,0.12471,1.74845,0.37536
6700.00000,-0.00730,0.12490,1.74886,0.37517
6725.00000,-0.00734,0.12510,1.74930,0.37497
6750.00000,-0.00737,0.12529,1.74969,0.37478
6775.00000,-0.00741,0.12548,1.75047,0.37459
6800.00000,-0.00744,0.12567,1.75113,0.37440
6825.00000,-0.00748,0.12586,1.75190,0.37422
6850.00000,-0.00751,0.12605,1.75262,0.37403
6875.00000,-0.00755,0.12626,1.75507,0.37382
6900.00000,-0.00759,0.12648,1.75775,0.37360
6925.00000,-0.00764,0.12670,1.76037,0.37338
6950.00000,-0.00768,0.12691,1.76305,0.37317
6975.00000,-0.00773,0.12717,1.76827,0.37291
7000.00000,-0.00778,0.12742,1.77350,0.37267
7025.00000,-0.00783,0.12767,1.77861,0.37242
7050.00000,-0.00789,0.12795,1.78588,0.37213
7075.00000,-0.00796,0.12826,1.79526,0.37182
7100.00000,-0.00804,0.12860,1.80708,0.37148
7125.00000,-0.00814,0.12899,1.82112,0.37110
7150.00000,-0.00827,0.12942,1.83903,0.37067
7175.00000,-0.00840,0.12990,1.86007,0.37019
7200.00000,-0.00859,0.13045,1.88682,0.36965
7225.00000,-0.00879,0.13109,1.92009,0.36902
7250.00000,-0.00904,0.13172,1.95360,0.36839
7275.00000,-0.00930,0.13234,1.98636,0.36777
7300.00000,-0.00958,0.13293,2.01834,0.36719
7325.00000,-0.00987,0.13351,2.04938,0.36662
7350.00000,-0.01017,0.13407,2.07948,0.36608
7375.00000,-0.01048,0.13459,2.10825,0.36556
7400.00000,-0.01079,0.13511,2.13645,0.36505
7425.00000,-0.01112,0.13562,2.16444,0.36455
7450.00000,-0.01146,0.13611,2.19229,0.36407
7475.00000,-0.01182,0.13660,2.22001,0.36359
7500.00000,-0.01220,0.13708,2.24716,0.36312
7525.00000,-0.01258,0.13758,2.27378,0.36264
7550.00000,-0.01298,0.13808,2.30012,0.36216
7575.00000,-0.01341,0.13855,2.32611,0.36170
7600.00000,-0.01389,0.13907,2.34650,0.36120
7625.00000,-0.01451,0.13968,2.35735,0.36061
7650.00000,-0.01526,0.14039,2.35679,0.35994
7675.00000,-0.01607,0.14122,2.34818,0.35914
7700.00000,-0.01687,0.14205,2.34007,0.35834
7725.00000,-0.01766,0.14288,2.33169,0.35756
7750.00000,-0.01844,0.14370,2.32272,0.35677
7775.00000,-0.01921,0.14455,2.31402,0.35597
7800.00000,-0.01999,0.14540,2.30508,0.35516
7825.00000,-0.02078,0.14626,2.29613,0.35435
7850.00000,-0.02155,0.14713,2.28731,0.35353
7875.00000,-0.02232,0.14800,2.27832,0.35270
7900.00000,-0.02306,0.14887,2.26897,0.35189
7925.00000,-0.02380,0.14974,2.26043,0.35107
7950.00000,-0.02454,0.15062,2.25224,0.35024
7975.00000,-0.02524,0.15151,2.24320,0.34940
8000.00000,-0.02593,0.15238,2.23659,0.34859
8025.00000,-0.02661,0.15326,2.23038,0.34776
8050.00000,-0.02729,0.15414,2.22373,0.34694
8075.00000,-0.02797,0.15502,2.21691,0.34612
8100.00000,-0.02862,0.15588,2.21288,0.34531
8125.00000,-0.02926,0.15674,2.20890,0.34450
8150.00000,-0.02992,0.15764,2.20267,0.34366
8175.00000,-0.03057,0.15854,2.19614,0.34282
8200.00000,-0.03122,0.15945,2.18969,0.34198
8225.00000,-0.03187,0.16035,2.18350,0.34114
8250.00000,-0.03251,0.16126,2.17717,0.34029
8275.00000,-0.03314,0.16218,2.17087,0.33944
8300.00000,-0.03376,0.16310,2.16451,0.33859
8325.00000,-0.03438,0.16402,2.15818,0.33773
8350.00000,-0.03500,0.16495,2.15183,0.33687
8375.00000,-0.03561,0.16588,2.14543,0.33601
8400.00000,-0.03621,0.16682,2.13894,0.33514
8425.00000,-0.03681,0.16776,2.13255,0.33427
8450.00000,-0.03740,0.16870,2.12606,0.33340
8475.00000,-0.03798,0.16965,2.11957,0.33253
8500.00000,-0.03856,0.17060,2.11318,0.33165
8525.00000,-0.03913,0.17155,2.10691,0.33077
8550.00000,-0.03971,0.17251,2.10058,0.32989
8575.00000,-0.04026,0.17346,2.09414,0.32902
8600.00000,-0.04082,0.17442,2.08779,0.32813
8625.00000,-0.04138,0.17542,2.07917,0.32721
8650.00000,-0.04194,0.17642,2.07027,0.32628
8675.00000,-0.04249,0.17744,2.06148,0.32535
8700.00000,-0.04303,0.17845,2.05245,0.32442
8725.00000,-0.04357,0.17946,2.04368,0.32348
8750.00000,-0.04408,0.18045,2.03767,0.32257
8775.00000,-0.04457,0.18144,2.03179,0.32166
8800.00000,-0.04507,0.18243,2.02569,0.32075
8825.00000,-0.04557,0.18346,2.01739,0.31980
8850.00000,-0.04607,0.18450,2.00852,0.31885
8875.00000,-0.04656,0.18554,1.99968,0.31788
8900.00000,-0.04705,0.18633,1.98473,0.31717
8925.00000,-0.04769,0.18697,1.96712,0.31664
8950.00000,-0.04834,0.18762,1.95285,0.31610
8975.00000,-0.04907,0.18836,1.94228,0.31548
9000.00000,-0.04966,0.18896,1.93146,0.31498
9025.00000,-0.05033,0.18964,1.92518,0.31441
9050.00000,-0.05087,0.19021,1.91664,0.31393
9075.00000,-0.05153,0.19090,1.91040,0.31337
9100.00000,-0.05209,0.19152,1.90001,0.31284
9125.00000,-0.05277,0.19226,1.89158,0.31223
9150.00000,-0.05324,0.19288,1.88152,0.31170
9175.00000,-0.05356,0.19322,1.85910,0.31142
9200.00000,-0.05399,0.19386,1.84125,0.31086
9225.00000,-0.05441,0.19444,1.82207,0.31037
9250.00000,-0.05480,0.19491,1.80875,0.30998
9275.00000,-0.05480,0.19491,1.80850,0.30998
9300.00000,-0.05546,0.19584,1.81898,0.30917
9325.00000,-0.05580,0.19624,1.82439,0.30884
9350.00000,-0.05600,0.19652,1.81885,0.30860
9375.00000,-0.05631,0.19693,1.80445,0.30825
9400.00000,-0.05663,0.19740,1.78723,0.30785
9425.00000,-0.05695,0.19790,1.77042,0.30743
9450.00000,-0.05726,0.19832,1.76143,0.30706
9475.00000,-0.05758,0.19885,1.76348,0.30661
9500.00000,-0.05788,0.19927,1.77458,0.30625
9525.00000,-0.05809,0.19960,1.78208,0.30597
9550.00000,-0.05842,0.19993,1.78298,0.30570
9575.00000,-0.05867,0.20049,1.76889,0.30520
9600.00000,-0.05921,0.20137,1.76212,0.30445
9625.00000,-0.05967,0.20208,1.74521,0.30384
9650.00000,-0.06014,0.20284,1.73180,0.30319
9675.00000,-0.06014,0.20284,1.71880,0.30319
9700.00000,-0.06102,0.20433,1.70991,0.30190
9725.00000,-0.06129,0.20481,1.69194,0.30149
9750.00000,-0.06149,0.20525,1.67667,0.30109
9775.00000,-0.06170,0.20563,1.66098,0.30076
9800.00000,-0.06183,0.20593,1.64729,0.30050
9825.00000,-0.06198,0.20616,1.63430,0.30031
9850.00000,-0.06217,0.20641,1.63034,0.30010
9875.00000,-0.06232,0.20666,1.63428,0.29989
9900.00000,-0.06271,0.20724,1.65611,0.29941
9925.00000,-0.06275,0.20726,1.66041,0.29939
9950.00000,-0.06289,0.20746,1.66999,0.29923
9975.00000,-0.06312,0.20818,1.67736,0.29857
10000.00000,-0.06341,0.20886,1.67643,0.29797
10025.00000,-0.06377,0.20955,1.67055,0.29736
10050.00000,-0.06413,0.21043,1.65777,0.29659
10075.00000,-0.06460,0.21130,1.64617,0.29584
10100.00000,-0.06501,0.21218,1.62817,0.29508
10125.00000,-0.06527,0.21289,1.61034,0.29444
10150.00000,-0.06557,0.21366,1.59217,0.29375
10175.00000,-0.06578,0.21434,1.57458,0.29314
10200.00000,-0.06618,0.21498,1.55643,0.29260
10225.00000,-0.06651,0.21561,1.54736,0.29206
10250.00000,-0.06690,0.21649,1.54954,0.29130
10275.00000,-0.06713,0.21716,1.55212,0.29069
10300.00000,-0.06736,0.21781,1.55067,0.29012
10325.00000,-0.06760,0.21833,1.54295,0.28967
10350.00000,-0.06799,0.21927,1.53839,0.28884
10375.00000,-0.06825,0.22010,1.53128,0.28810
10400.00000,-0.06861,0.22107,1.52852,0.28724
10425.00000,-0.06882,0.22192,1.51507,0.28647
10450.00000,-0.06904,0.22279,1.49946,0.28568
10475.00000,-0.06920,0.22349,1.48213,0.28503
10500.00000,-0.06945,0.22431,1.46512,0.28431
10525.00000,-0.06963,0.22509,1.44904,0.28359
10550.00000,-0.06986,0.22583,1.43413,0.28293
10575.00000,-0.07003,0.22647,1.42090,0.28235
10600.00000,-0.07031,0.22711,1.40960,0.28180
10625.00000,-0.07051,0.22770,1.40027,0.28128
10650.00000,-0.07081,0.22857,1.40629,0.28052
10675.00000,-0.07096,0.22929,1.40779,0.27985
10700.00000,-0.07112,0.22992,1.40889,0.27929
10725.00000,-0.07126,0.23061,1.40299,0.27865
10750.00000,-0.07146,0.23160,1.39804,0.27775
10775.00000,-0.07153,0.23240,1.38105,0.27699
10800.00000,-0.07172,0.23328,1.36476,0.27620
10825.00000,-0.07182,0.23412,1.34940,0.27541
10850.00000,-0.07199,0.23492,1.33506,0.27468
10875.00000,-0.07206,0.23567,1.32116,0.27398
10900.00000,-0.07222,0.23636,1.30819,0.27335
10925.00000,-0.07231,0.23698,1.29740,0.27278
10950.00000,-0.07256,0.23763,1.28902,0.27222
10975.00000,-0.07259,0.23828,1.28384,0.27160
11000.00000,-0.07278,0.23918,1.29108,0.27078
11025.00000,-0.07280,0.23987,1.28898,0.27012
11050.00000,-0.07293,0.24077,1.29622,0.26930
11075.00000,-0.07298,0.24152,1.28746,0.26858
11100.00000,-0.07314,0.24260,1.28740,0.26759
11125.00000,-0.07312,0.24353,1.27502,0.26669
11150.00000,-0.07313,0.24441,1.25919,0.26585
11175.00000,-0.07310,0.24520,1.24273,0.26508
11200.00000,-0.07318,0.24606,1.22698,0.26427
11225.00000,-0.07317,0.24687,1.21135,0.26350
11250.00000,-0.07322,0.24770,1.19537,0.26271
11275.00000,-0.07320,0.24847,1.17936,0.26196
11300.00000,-0.07324,0.24928,1.16343,0.26120
11325.00000,-0.07323,0.25002,1.14949,0.26048
11350.00000,-0.07329,0.25074,1.13834,0.25981
11375.00000,-0.07334,0.25137,1.12808,0.25922
11400.00000,-0.07347,0.25217,1.12996,0.25849
11425.00000,-0.07345,0.25294,1.13372,0.25774
11450.00000,-0.07333,0.25364,1.13870,0.25704
11475.00000,-0.07333,0.25423,1.13222,0.25648
11500.00000,-0.07340,0.25506,1.12561,0.25570
11525.00000,-0.07333,0.25604,1.11941,0.25475
11550.00000,-0.07327,0.25696,1.10869,0.25385
11575.00000,-0.07311,0.25795,1.09719,0.25285
11600.00000,-0.07301,0.25873,1.08129,0.25208
11625.00000,-0.07293,0.25954,1.06489,0.25127
11650.00000,-0.07295,0.26046,1.05477,0.25041
11675.00000,-0.07280,0.26124,1.03813,0.24961
11700.00000,-0.07273,0.26229,1.03994,0.24858
11725.00000,-0.07257,0.26324,1.03456,0.24763
11750.00000,-0.07244,0.26405,1.03362,0.24682
11775.00000,-0.07225,0.26479,1.01735,0.24605
11800.00000,-0.07215,0.26574,1.01416,0.24512
11825.00000,-0.07201,0.26663,1.00364,0.24423
11850.00000,-0.07187,0.26744,0.99033,0.24342
11875.00000,-0.07175,0.26798,0.96733,0.24286
11900.00000,-0.07184,0.26804,0.92314,0.24283
11925.00000,-0.07158,0.26856,0.90484,0.24226
11950.00000,-0.07142,0.26904,0.88864,0.24175
11975.00000,-0.07135,0.26928,0.89346,0.24150
12000.00000,-0.07130,0.26964,0.91381,0.24114
12025.00000,-0.07126,0.26982,0.93499,0.24096
12050.00000,-0.07125,0.26998,0.95236,0.24080
12075.00000,-0.07111,0.27029,0.96354,0.24047
12100.00000,-0.07111,0.27075,0.95606,0.24002
12125.00000,-0.07086,0.27157,0.95057,0.23917
12150.00000,-0.07061,0.27256,0.94785,0.23815
12175.00000,-0.07032,0.27326,0.93837,0.23739
12200.00000,-0.07013,0.27395,0.92242,0.23668
12225.00000,-0.06995,0.27448,0.90666,0.23612
12250.00000,-0.06978,0.27513,0.89108,0.23545
12275.00000,-0.06955,0.27582,0.88262,0.23472
12300.00000,-0.06936,0.27642,0.86590,0.23409
12325.00000,-0.06908,0.27699,0.85844,0.23347
12350.00000,-0.06903,0.27744,0.84493,0.23302
12375.00000,-0.06903,0.27744,0.83726,0.23302
12400.00000,-0.06850,0.27885,0.84319,0.23152
12425.00000,-0.06834,0.27933,0.83990,0.23101
12450.00000,-0.06811,0.28003,0.84548,0.23027
12475.00000,-0.06784,0.28067,0.83835,0.22958
12500.00000,-0.06754,0.28165,0.83803,0.22856
12525.00000,-0.06725,0.28230,0.83014,0.22785
12550.00000,-0.06700,0.28291,0.81935,0.22719
12575.00000,-0.06676,0.28343,0.80863,0.22662
12600.00000,-0.06650,0.28404,0.79958,0.22597
12625.00000,-0.06625,0.28463,0.78917,0.22533
12650.00000,-0.06610,0.28520,0.78084,0.22474
12675.00000,-0.06574,0.28599,0.78206,0.22388
12700.00000,-0.06517,0.28671,0.78539,0.22302
12725.00000,-0.06486,0.28738,0.77584,0.22230
12750.00000,-0.06457,0.28791,0.76353,0.22170
12775.00000,-0.06437,0.28850,0.75305,0.22108
12800.00000,-0.06390,0.28931,0.76074,0.22017
12825.00000,-0.06357,0.28994,0.75592,0.21947
12850.00000,-0.06327,0.29057,0.75107,0.21878
12875.00000,-0.06277,0.29135,0.75163,0.21788
12900.00000,-0.06236,0.29200,0.74903,0.21714
12925.00000,-0.06192,0.29278,0.74989,0.21628
12950.00000,-0.06154,0.29342,0.74684,0.21555
12975.00000,-0.06154,0.29342,0.74729,0.21555
13000.00000,-0.06080,0.29465,0.73953,0.21416
13025.00000,-0.06030,0.29545,0.74381,0.21326
13050.00000,-0.06005,0.29597,0.73752,0.21269
13075.00000,-0.05972,0.29652,0.72956,0.21206
13100.00000,-0.05944,0.29695,0.71970,0.21157
13125.00000,-0.05901,0.29776,0.72149,0.21067
13150.00000,-0.05858,0.29841,0.71854,0.20993
13175.00000,-0.05821,0.29892,0.71112,0.20934
13200.00000,-0.05781,0.29950,0.70459,0.20867
13225.00000,-0.05748,0.29999,0.69594,0.20811
13250.00000,-0.05704,0.30061,0.69280,0.20738
13275.00000,-0.05664,0.30117,0.68784,0.20674
13300.00000,-0.05613,0.30192,0.68854,0.20588
13325.00000,-0.05575,0.30236,0.67968,0.20535
13350.00000,-0.05532,0.30287,0.67392,0.20475
13375.00000,-0.05508,0.30331,0.66070,0.20426
13400.00000,-0.05465,0.30399,0.65896,0.20349
13425.00000,-0.05423,0.30450,0.65378,0.20288
13450.00000,-0.05371,0.30511,0.65143,0.20215
13475.00000,-0.05326,0.30572,0.64654,0.20145
13500.00000,-0.05279,0.30630,0.64117,0.20077
13525.00000,-0.05230,0.30693,0.64114,0.20003
13550.00000,-0.05181,0.30748,0.63985,0.19937
13575.00000,-0.05138,0.30806,0.63173,0.19869
13600.00000,-0.05084,0.30869,0.62891,0.19795
13625.00000,-0.05049,0.30904,0.62022,0.19752
13650.00000,-0.05003,0.30955,0.61713,0.19691
13675.00000,-0.04955,0.31011,0.61367,0.19625
13700.00000,-0.04904,0.31061,0.61065,0.19564
13725.00000,-0.04839,0.31132,0.61350,0.19479
13750.00000,-0.04763,0.31187,0.61547,0.19406
13775.00000,-0.04723,0.31234,0.60589,0.19352
13800.00000,-0.04686,0.31270,0.59342,0.19307
13825.00000,-0.04625,0.31340,0.59727,0.19225
13850.00000,-0.04539,0.31417,0.60551,0.19130
13875.00000,-0.04468,0.31476,0.60724,0.19055
13900.00000,-0.04398,0.31541,0.60986,0.18976
13925.00000,-0.04370,0.31586,0.59935,0.18926
13950.00000,-0.04278,0.31656,0.61323,0.18836
13975.00000,-0.04194,0.31727,0.62418,0.18748
14000.00000,-0.04125,0.31792,0.62743,0.18669
14025.00000,-0.04052,0.31853,0.63294,0.18594
14050.00000,-0.03969,0.31927,0.64312,0.18504
14075.00000,-0.03884,0.31995,0.65274,0.18419
14100.00000,-0.03796,0.32067,0.66365,0.18331
14125.00000,-0.03707,0.32136,0.67556,0.18244
14150.00000,-0.03615,0.32211,0.68914,0.18153
14175.00000,-0.03525,0.32286,0.70220,0.18061
14200.00000,-0.03436,0.32362,0.71546,0.17970
14225.00000,-0.03349,0.32439,0.72843,0.17877
14250.00000,-0.03262,0.32519,0.74146,0.17783
14275.00000,-0.03177,0.32599,0.75459,0.17689
14300.00000,-0.03093,0.32679,0.76783,0.17595
14325.00000,-0.03010,0.32759,0.78061,0.17502
14350.00000,-0.02928,0.32840,0.79371,0.17408
14375.00000,-0.02849,0.32922,0.80707,0.17314
14400.00000,-0.02771,0.33004,0.81994,0.17221
14425.00000,-0.02693,0.33087,0.83309,0.17126
14450.00000,-0.02617,0.33173,0.84616,0.17030
14475.00000,-0.02541,0.33259,0.85901,0.16933
14500.00000,-0.02467,0.33347,0.87188,0.16835
14525.00000,-0.02394,0.33435,0.88467,0.16737
14550.00000,-0.02324,0.33525,0.89738,0.16638
14575.00000,-0.02253,0.33615,0.91034,0.16539
14600.00000,-0.02184,0.33706,0.92338,0.16440
14625.00000,-0.02115,0.33799,0.93612,0.16339
14650.00000,-0.02047,0.33892,0.94874,0.16237
14675.00000,-0.01980,0.33987,0.96105,0.16135
14700.00000,-0.01913,0.34083,0.97286,0.16031
14725.00000,-0.01848,0.34181,0.98447,0.15927
14750.00000,-0.01783,0.34279,0.99576,0.15822
14775.00000,-0.01719,0.34378,1.00652,0.15716
14800.00000,-0.01656,0.34479,1.01686,0.15610
14825.00000,-0.01594,0.34579,1.02705,0.15503
14850.00000,-0.01533,0.34681,1.03704,0.15395
14875.00000,-0.01474,0.34784,1.04694,0.15287
14900.00000,-0.01416,0.34889,1.05663,0.15177
14925.00000,-0.01357,0.34993,1.06579,0.15068
14950.00000,-0.01300,0.35099,1.07489,0.14958
14975.00000,-0.01244,0.35205,1.08426,0.14847
15000.00000,-0.01188,0.35312,1.09344,0.14736
15025.00000,-0.01133,0.35420,1.10234,0.14624
15050.00000,-0.01079,0.35529,1.11072,0.14511
15075.00000,-0.01026,0.35638,1.11908,0.14398
15100.00000,-0.00973,0.35748,1.12740,0.14285
15125.00000,-0.00923,0.35859,1.13558,0.14171
15150.00000,-0.00874,0.35970,1.14352,0.14057
15175.00000,-0.00825,0.36082,1.15133,0.13942
15200.00000,-0.00776,0.36194,1.15884,0.13827
15225.00000,-0.00727,0.36307,1.16670,0.13712
15250.00000,-0.00679,0.36420,1.17436,0.13597
15275.00000,-0.00633,0.36533,1.18205,0.13481
15300.00000,-0.00586,0.36648,1.18964,0.13365
15325.00000,-0.00541,0.36762,1.19682,0.13249
15350.00000,-0.00496,0.36878,1.20389,0.13132
15375.00000,-0.00452,0.36993,1.21075,0.13015
15400.00000,-0.00409,0.37109,1.21764,0.12897
15425.00000,-0.00366,0.37226,1.22433,0.12779
15450.00000,-0.00324,0.37343,1.23106,0.12661
15475.00000,-0.00283,0.37460,1.23759,0.12543
15500.00000,-0.00243,0.37578,1.24414,0.12424
15525.00000,-0.00204,0.37696,1.25051,0.12306
15550.00000,-0.00165,0.37815,1.25690,0.12187
15575.00000,-0.00127,0.37934,1.26294,0.12067
15600.00000,-0.00089,0.38053,1.26948,0.11948
15625.00000,-0.00053,0.38172,1.27596,0.11828
15650.00000,-0.00017,0.38292,1.28234,0.11708
15675.00000,0.00018,0.38412,1.28869,0.11588
15700.00000,0.00052,0.38532,1.29504,0.11468
15725.00000,0.00086,0.38653,1.30123,0.11347
15750.00000,0.00119,0.38774,1.30734,0.11227
15775.00000,0.00151,0.38895,1.31340,0.11106
15800.00000,0.00182,0.39017,1.31938,0.10985
15825.00000,0.00213,0.39139,1.32531,0.10864
15850.00000,0.00213,0.39139,1.33118,0.10864
15875.00000,0.00272,0.39383,1.33699,0.10621
15900.00000,0.00301,0.39506,1.34269,0.10499
15925.00000,0.00329,0.39629,1.34838,0.10377
15950.00000,0.00357,0.39752,1.35401,0.10255
15975.00000,0.00383,0.39875,1.35959,0.10132
16000.00000,0.00409,0.39998,1.36517,0.10010
16025.00000,0.00435,0.40122,1.37067,0.09887
16050.00000,0.00459,0.40246,1.37609,0.09765
16075.00000,0.00483,0.40370,1.38139,0.09642
16100.00000,0.00507,0.40495,1.38651,0.09519
16125.00000,0.00530,0.40619,1.39146,0.09396
16150.00000,0.00552,0.40744,1.39676,0.09273
16175.00000,0.00574,0.40869,1.40200,0.09149
16200.00000,0.00594,0.40994,1.40720,0.09026
16225.00000,0.00614,0.41119,1.41239,0.08903
16250.00000,0.00634,0.41244,1.41750,0.08779
16275.00000,0.00653,0.41369,1.42257,0.08655
16300.00000,0.00672,0.41495,1.42755,0.08532
16325.00000,0.00689,0.41621,1.43260,0.08408
16350.00000,0.00707,0.41747,1.43749,0.08284
16375.00000,0.00723,0.41873,1.44225,0.08159
16400.00000,0.00739,0.41999,1.44719,0.08035
16425.00000,0.00755,0.42125,1.45183,0.07911
16450.00000,0.00770,0.42251,1.45663,0.07787
16475.00000,0.00784,0.42378,1.46149,0.07662
16500.00000,0.00797,0.42505,1.46631,0.07538
16525.00000,0.00810,0.42631,1.47116,0.07413
16550.00000,0.00822,0.42758,1.47595,0.07288
16575.00000,0.00834,0.42885,1.48070,0.07164
16600.00000,0.00845,0.43012,1.48540,0.07039
16625.00000,0.00855,0.43139,1.49012,0.06914
16650.00000,0.00865,0.43266,1.49481,0.06789
16675.00000,0.00874,0.43394,1.49946,0.06664
16700.00000,0.00883,0.43521,1.50412,0.06539
16725.00000,0.00891,0.43648,1.50874,0.06414
16750.00000,0.00899,0.43774,1.51310,0.06290
16775.00000,0.00906,0.43901,1.51758,0.06166
16800.00000,0.00913,0.44028,1.52202,0.06042
16825.00000,0.00919,0.44154,1.52650,0.05917
16850.00000,0.00924,0.44281,1.53091,0.05793
16875.00000,0.00929,0.44408,1.53539,0.05669
16900.00000,0.00934,0.44534,1.53980,0.05545
16925.00000,0.00938,0.44661,1.54426,0.05421
16950.00000,0.00941,0.44788,1.54865,0.05297
16975.00000,0.00944,0.44915,1.55308,0.05172
17000.00000,0.00946,0.45041,1.55747,0.05048
17025.00000,0.00947,0.45168,1.56189,0.04924
17050.00000,0.00948,0.45295,1.56625,0.04800
17075.00000,0.00949,0.45422,1.57064,0.04675
17100.00000,0.00949,0.45548,1.57497,0.04552
17125.00000,0.00949,0.45676,1.57937,0.04427
17150.00000,0.00947,0.45802,1.58370,0.04303
17175.00000,0.00946,0.45929,1.58811,0.04179
17200.00000,0.00944,0.46056,1.59248,0.04056
17225.00000,0.00941,0.46183,1.59692,0.03932
17250.00000,0.00938,0.46309,1.60127,0.03808
17275.00000,0.00934,0.46436,1.60576,0.03684
17300.00000,0.00929,0.46562,1.61023,0.03561
17325.00000,0.00924,0.46689,1.61477,0.03438
17350.00000,0.00919,0.46815,1.61930,0.03315
17375.00000,0.00913,0.46942,1.62397,0.03191
17400.00000,0.00906,0.47070,1.62869,0.03067
17425.00000,0.00898,0.47197,1.63357,0.02943
17450.00000,0.00890,0.47324,1.63845,0.02820
17475.00000,0.00881,0.47450,1.64363,0.02697
17500.00000,0.00871,0.47575,1.64891,0.02576
17525.00000,0.00861,0.47699,1.65422,0.02457
17550.00000,0.00852,0.47821,1.65961,0.02339
17575.00000,0.00852,0.47821,1.66535,0.02339
17600.00000,0.00827,0.48061,1.67132,0.02108
17625.00000,0.00814,0.48180,1.67722,0.01993
17650.00000,0.00801,0.48297,1.68361,0.01882
17675.00000,0.00787,0.48411,1.69028,0.01773
17700.00000,0.00773,0.48524,1.69771,0.01666
17725.00000,0.00757,0.48635,1.70550,0.01561
17750.00000,0.00741,0.48744,1.71371,0.01458
17775.00000,0.00733,0.48852,1.72193,0.01362
17800.00000,0.00717,0.48958,1.73031,0.01265
17825.00000,0.00701,0.49064,1.73874,0.01169
17850.00000,0.00683,0.49169,1.74698,0.01076
17875.00000,0.00663,0.49274,1.75478,0.00983
17900.00000,0.00642,0.49378,1.76185,0.00894
17925.00000,0.00622,0.49481,1.76922,0.00810
17950.00000,0.00602,0.49585,1.77651,0.00731
17975.00000,0.00580,0.49688,1.78355,0.00658
18000.00000,0.00557,0.49790,1.79029,0.00595
18025.00000,0.00534,0.49891,1.79663,0.00545
18050.00000,0.00510,0.49993,1.80305,0.00510
18075.00000,0.00485,0.50094,1.80945,0.00494
